"URL",
"http://aaobabiyachour.moha.gov.np/",
"http://aaobanganga.moha.gov.np/",
"http://aaobansgadhi.moha.gov.np/",
"http://aaobarhathwa.moha.gov.np/",
"http://aaobinayak.moha.gov.np/",
"http://aaobodebarsayan.moha.gov.np/",
"http://aaobutwal.moha.gov.np/",
"http://aaochainpur.moha.gov.np/",
"http://aaochandranigahapur.moha.gov.np/",
"http://aaochandrauta.moha.gov.np/",
"http://aaodamak.moha.gov.np/",
"http://aaodharan.moha.gov.np/",
"http://aaodingla.moha.gov.np/",
"http://aaodullu.moha.gov.np/",
"http://aaogaruda.moha.gov.np/",
"http://aaogauriganj.moha.gov.np/",
"http://aaogaushala.moha.gov.np/",
"http://aaoghartichhap.moha.gov.np/",
"http://aaoghartigaun.moha.gov.np/",
"http://aaoharinagara.moha.gov.np/",
"http://aaohariwan.moha.gov.np/",
"http://aaohuwas.moha.gov.np/",
"http://aaoilanarku.moha.gov.np/",
"http://aaojaspur.moha.gov.np/",
"http://aaojogduda.moha.gov.np/",
"http://aaokanchanpur.moha.gov.np/",
"http://aaokatari.moha.gov.np/",
"http://aaokawasoti.moha.gov.np/",
"http://aaokhinjiphalate.moha.gov.np/",
"http://aaokhotangbazar.moha.gov.np/",
"http://aaokohalpur.moha.gov.np/",
"http://aaokolbi.moha.gov.np/",
"http://aaolahan.moha.gov.np/",
"http://aaolamahi.moha.gov.np/",
"http://aaolapchanepriti.moha.gov.np/",
"http://aaolekhnaath.moha.gov.np/",
"http://aaolomanthan.moha.gov.np/",
"http://aaomadikalyanpur.moha.gov.np/",
"http://aaomajgawa.moha.gov.np/",
"http://aaomangalbare.moha.gov.np/",
"http://aaonarainapur.moha.gov.np/",
"http://aaonarakot.moha.gov.np/",
"http://aaopachedike.moha.gov.np/",
"http://aaopharping.moha.gov.np/",
"http://aaorabi.moha.gov.np/",
"http://aaorajapur.moha.gov.np/",
"http://aaorajarani.moha.gov.np/",
"http://aaoramgopalpur.moha.gov.np/",
"http://aaorampur.moha.gov.np/",
"http://aaorangeli.moha.gov.np/",
"http://aaorukumkot.moha.gov.np/",
"http://aaosankrantibazar.moha.gov.np/",
"http://aaosanku.moha.gov.np/",
"http://aaosarkeghat.moha.gov.np/",
"http://aaosatbise.moha.gov.np/",
"http://aaosemari.moha.gov.np/",
"http://aaosimara.moha.gov.np/",
"http://aaosimraoungadh.moha.gov.np/",
"http://aaosingatibazar.moha.gov.np/",
"http://aaosorukot.moha.gov.np/",
"http://aaosotangbazar.moha.gov.np/",
"http://aaosukhad.moha.gov.np/",
"http://aaosupouli.moha.gov.np/",
"http://aaotharmare.moha.gov.np/",
"http://aaotikapur.moha.gov.np/",
"http://aaotribhuwanbasti.moha.gov.np/",
"http://aaotulsipur.moha.gov.np/",
"http://aaourlabari.moha.gov.np/",
"http://aaowaling.moha.gov.np/",
"http://aaoyadukuwa.moha.gov.np/",
"http://aaoyenselukharka.moha.gov.np/",
"http://acourt.gov.np",
"http://adbl.gov.np",
"http://adblremit.gov.np",
"http://aepc.gov.np",
"http://ahd.gov.np",
"http://aicc.gov.np",
"http://amargadhimun.gov.np",
"http://anantalingeshwormun.gov.np",
"http://anbukhairenimun.gov.np",
"http://apf.gov.np",
"http://api.dofe.gov.np",
"http://apimun.gov.np",
"http://apps.doind.gov.np",
"http://attariyamun.gov.np",
"http://attorneygeneral.gov.np",
"http://babaimun.gov.np/",
"http://backupserver.supremecourt.gov.np",
"http://badimalikamun.gov.np",
"http://bagchaurmun.gov.np/",
"http://baglungmun.gov.np",
"http://bagmati.gov.np",
"http://bajrabarahimun.gov.np/",
"http://bandipurmun.gov.np/",
"http://banepamun.gov.np/",
"http://bangangamun.gov.np",
"http://bansgadhimun.gov.np/",
"http://bardghatmun.gov.np",
"http://bardibasmun.gov.np",
"http://barhathwamun.gov.np/",
"http://bedkotmun.gov.np",
"http://belahia.nepalimmigration.gov.np",
"http://belaurimun.gov.np/",
"http://belbarimun.gov.np",
"http://beldandimun.gov.np/",
"http://beltarbasaahamun.gov.np/",
"http://benimun.gov.np",
"http://besishaharmun.gov.np/",
"http://bhadrapurmun.gov.np/",
"http://bhajanitrishaktimun.gov.np/",
"http://bhaktapurmun.gov.np/",
"http://bhanumun.gov.np/",
"http://bharatpurmun.gov.np/",
"http://bheemdattamun.gov.np/",
"http://bheerkotmun.gov.np/",
"http://bherigangamun.gov.np/",
"http://bherimalikamun.gov.np/",
"http://bhimeshwormun.gov.np/",
"http://bhojpurmun.gov.np",
"http://bhp.gov.np",
"http://bhrikutimun.gov.np/",
"http://bidurmun.gov.np/",
"http://biratnagarmun.gov.np/",
"http://birendranagarmun.gov.np/",
"http://birganj.nepalimmigration.gov.np",
"http://birgunjmun.gov.np/",
"http://birtamodmun.gov.np/",
"http://bolpatra.gov.np",
"http://brch.dhm.gov.np",
"http://buddhabatikamun.gov.np/",
"http://budhanilkanthamun.gov.np",
"http://butwalmun.gov.np",
"http://can.gov.np",
"http://caqo.gov.np",
"http://cbs.gov.np",
"http://ccwb.gov.np",
"http://cfgorrp.dhm.gov.np",
"http://cgas.fcgo.gov.np",
"http://chainpurmun.gov.np",
"http://chandragirimun.gov.np/",
"http://chandrapurmun.gov.np/",
"http://changunarayanmun.gov.np/",
"http://chapakotmun.gov.np/",
"http://charnathmun.gov.np/",
"http://chaurjaharimun.gov.np/",
"http://chautaramun.gov.np/",
"http://chd.gov.np",
"http://chitrawanmun.gov.np/",
"http://chrdu.gov.np",
"http://chureboard.gov.np",
"http://ciaa.gov.np",
"http://cib.nepalpolice.gov.np",
"http://cid.nepalpolice.gov.np",
"http://cms.dor.gov.np",
"http://copomis.mocpa.gov.np",
"http://cpppo.gov.np",
"http://cred.gov.np",
"http://crfd.gov.np",
"http://csidb.gov.np",
"http://customs.gov.np",
"http://cyic.gov.np",
"http://dadobara.gov.np",
"http://damakmun.gov.np/",
"http://dams.dda.gov.np",
"http://daoachham.moha.gov.np/",
"http://daoarghakhanchi.moha.gov.np/",
"http://daobaglung.moha.gov.np/",
"http://daobaitadi.moha.gov.np/",
"http://daobajhang.moha.gov.np/",
"http://daobajura.moha.gov.np/",
"http://daobanke.moha.gov.np/",
"http://daobara.moha.gov.np/",
"http://daobardiya.moha.gov.np/",
"http://daobhaktapur.moha.gov.np/",
"http://daobhojpur.moha.gov.np/",
"http://daochitwan.moha.gov.np",
"http://daochitwan.moha.gov.np/",
"http://daodadeldhura.moha.gov.np/",
"http://daodailekh.moha.gov.np/",
"http://daodang.moha.gov.np/",
"http://daodarchula.moha.gov.np/",
"http://daodhading.moha.gov.np",
"http://daodhading.moha.gov.np/",
"http://daodhankuta.moha.gov.np/",
"http://daodhanusha.moha.gov.np/",
"http://daodolakha.moha.gov.np/",
"http://daodolpa.moha.gov.np/",
"http://daodoti.moha.gov.np/",
"http://daogorkha.moha.gov.np",
"http://daogorkha.moha.gov.np/",
"http://daogulmi.moha.gov.np/",
"http://daohumla.moha.gov.np/",
"http://daoilam.moha.gov.np",
"http://daoilam.moha.gov.np/",
"http://daojajarkot.moha.gov.np/",
"http://daojhapa.moha.gov.np/",
"http://daojumla.moha.gov.np/",
"http://daokailali.moha.gov.np/",
"http://daokalikot.moha.gov.np/",
"http://daokanchanpur.moha.gov.np/",
"http://daokapilvastu.moha.gov.np/",
"http://daokaski.moha.gov.np",
"http://daokaski.moha.gov.np/",
"http://daokathmandu.moha.gov.np",
"http://daokathmandu.moha.gov.np/",
"http://daokavre.moha.gov.np/",
"http://daokhotang.moha.gov.np/",
"http://daolalitpur.moha.gov.np/",
"http://daolamjung.moha.gov.np/",
"http://daomahotari.moha.gov.np/",
"http://daomakawanpur.moha.gov.np/",
"http://daomanang.moha.gov.np/",
"http://daomorang.moha.gov.np/",
"http://daomugu.moha.gov.np/",
"http://daomustang.moha.gov.np/",
"http://daomyagdi.moha.gov.np/",
"http://daonawalparasi.moha.gov.np/",
"http://daonuwakot.moha.gov.np/",
"http://daookhaldhunga.moha.gov.np/",
"http://daopalpa.moha.gov.np/",
"http://daopanchthar.moha.gov.np/",
"http://daoparbat.moha.gov.np/",
"http://daoparsa.moha.gov.np/",
"http://daopyuthan.moha.gov.np/",
"http://daoramechhap.moha.gov.np/",
"http://daorasuwa.moha.gov.np/",
"http://daorautahat.moha.gov.np/",
"http://daorolpa.moha.gov.np/",
"http://daorukum.moha.gov.np",
"http://daorukum.moha.gov.np/",
"http://daorupandehi.moha.gov.np/",
"http://daosalyan.moha.gov.np/",
"http://daosankhuwasabha.moha.gov.np/",
"http://daosaptari.moha.gov.np/",
"http://daosarlahi.moha.gov.np/",
"http://daosindhuli.moha.gov.np/",
"http://daosindhulpalchok.moha.gov.np/",
"http://daosiraha.moha.gov.np/",
"http://daosolu.moha.gov.np/",
"http://daosunsari.moha.gov.np/",
"http://daosurkhet.moha.gov.np/",
"http://daosyangja.moha.gov.np",
"http://daosyangja.moha.gov.np/",
"http://daotanahu.moha.gov.np/",
"http://daotaplejung.moha.gov.np/",
"http://daoterathum.moha.gov.np/",
"http://daoudayapur.moha.gov.np/",
"http://daq.hydrology.gov.np",
"http://dasharathchandmun.gov.np/",
"http://dat.gov.np",
"http://date.gpo.gov.np",
"http://daxinkalimun.gov.np",
"http://dcoktm.gov.np",
"http://dcourt.gov.np",
"http://dda.gov.np",
"http://ddb.gov.np",
"http://ddcachham.gov.np/",
"http://ddcarghakhanchi.gov.np/",
"http://ddcbaglung.gov.np/",
"http://ddcbaitadi.gov.np/",
"http://ddcbajhang.gov.np/",
"http://ddcbajura.gov.np",
"http://ddcbajura.gov.np/",
"http://ddcbanke.gov.np/",
"http://ddcbara.gov.np/",
"http://ddcbardiya.gov.np/",
"http://ddcbhaktapur.gov.np",
"http://ddcbhaktapur.gov.np/",
"http://ddcbhojpur.gov.np/",
"http://ddcchitwan.gov.np/",
"http://ddcdadeldhura.gov.np/",
"http://ddcdailekh.gov.np/",
"http://ddcdang.gov.np/",
"http://ddcdarchula.gov.np/",
"http://ddcdhading.gov.np",
"http://ddcdhading.gov.np/",
"http://ddcdhankuta.gov.np/",
"http://ddcdhanusha.gov.np/",
"http://ddcdolakha.gov.np",
"http://ddcdolakha.gov.np/",
"http://ddcdolpa.gov.np/",
"http://ddcdoti.gov.np/",
"http://ddcgorkha.gov.np",
"http://ddcgorkha.gov.np/",
"http://ddcgulmi.gov.np/",
"http://ddchumla.gov.np/",
"http://ddcilam.gov.np/",
"http://ddcjajarkot.gov.np/",
"http://ddcjhapa.gov.np/",
"http://ddcjumla.gov.np/",
"http://ddckailali.gov.np/",
"http://ddckalikot.gov.np/",
"http://ddckanchanpur.gov.np/",
"http://ddckapilvastu.gov.np/",
"http://ddckaski.gov.np",
"http://ddckaski.gov.np/",
"http://ddckavre.gov.np/",
"http://ddckhotang.gov.np/",
"http://ddcktm.gov.np/",
"http://ddclalitpur.gov.np/",
"http://ddclamjung.gov.np/",
"http://ddcmahottari.gov.np/",
"http://ddcmakwanpur.gov.np",
"http://ddcmakwanpur.gov.np/",
"http://ddcmanang.gov.np/",
"http://ddcmorang.gov.np/",
"http://ddcmugu.gov.np",
"http://ddcmugu.gov.np/",
"http://ddcmustang.gov.np/",
"http://ddcmyagdi.gov.np",
"http://ddcmyagdi.gov.np/",
"http://ddcnawalparasi.gov.np/",
"http://ddcnuwakot.gov.np",
"http://ddcnuwakot.gov.np/",
"http://ddcokhaldhunga.gov.np/",
"http://ddcpalpa.gov.np/",
"http://ddcpanchthar.gov.np",
"http://ddcpanchthar.gov.np/",
"http://ddcparbat.gov.np/",
"http://ddcparsa.gov.np/",
"http://ddcpyuthan.gov.np/",
"http://ddcramechhap.gov.np/",
"http://ddcrasuwa.gov.np/",
"http://ddcrautahat.gov.np/",
"http://ddcrolpa.gov.np/",
"http://ddcrukum.gov.np",
"http://ddcrukum.gov.np/",
"http://ddcrupandehi.gov.np/",
"http://ddcsalyan.gov.np/",
"http://ddcsankhuwasabha.gov.np/",
"http://ddcsaptari.gov.np/",
"http://ddcsarlahi.gov.np/",
"http://ddcsindhuli.gov.np/",
"http://ddcsindhupalchowk.gov.np",
"http://ddcsindhupalchowk.gov.np/",
"http://ddcsiraha.gov.np/",
"http://ddcsolukhumbu.gov.np/",
"http://ddcsunsari.gov.np/",
"http://ddcsurkhet.gov.np/",
"http://ddcsyangja.gov.np/",
"http://ddctanahun.gov.np/",
"http://ddctaplejung.gov.np/",
"http://ddctehrathum.gov.np/",
"http://ddcudayapur.gov.np/",
"http://deoachham.gov.np",
"http://deoarghakhanchi.gov.np",
"http://deobaglung.gov.np",
"http://deobaitadi.gov.np",
"http://deobajhang.gov.np",
"http://deobajura.gov.np",
"http://deobanke.gov.np",
"http://deobara.gov.np",
"http://deobardiya.gov.np",
"http://deobhaktapur.gov.np",
"http://deobhojpur.gov.np",
"http://deoc.gov.np",
"http://deochitwan.gov.np",
"http://deodadeldhura.gov.np",
"http://deodailekh.gov.np",
"http://deodang.gov.np",
"http://deodarchula.gov.np",
"http://deodhading.gov.np",
"http://deodhankuta.gov.np",
"http://deodhanusa.gov.np",
"http://deodolakha.gov.np",
"http://deodolpa.gov.np",
"http://deodoti.gov.np",
"http://deogorkha.gov.np",
"http://deogulmi.gov.np",
"http://deohumla.gov.np",
"http://deoilam.gov.np",
"http://deojajarkot.gov.np",
"http://deojhapa.gov.np",
"http://deojumla.gov.np",
"http://deokailali.gov.np",
"http://deokalikot.gov.np",
"http://deokanchanpur.gov.np",
"http://deokapilvastu.gov.np",
"http://deokaski.gov.np",
"http://deokathmandu.gov.np",
"http://deokhotang.gov.np",
"http://deolalitpur.gov.np",
"http://deolamjung.gov.np",
"http://deomahottari.gov.np",
"http://deomakawanpur.gov.np",
"http://deomanang.gov.np",
"http://deomorang.gov.np",
"http://deomugu.gov.np",
"http://deomustang.gov.np",
"http://deomyagdi.gov.np",
"http://deonawalparasi.gov.np",
"http://deonuwakot.gov.np",
"http://deookhaldhunga.gov.np",
"http://deopalpa.gov.np",
"http://deopanchthar.gov.np",
"http://deoparbat.gov.np",
"http://deoparsa.gov.np",
"http://deopyuthan.gov.np",
"http://deoramechhap.gov.np",
"http://deorasuwa.gov.np",
"http://deorautahat.gov.np",
"http://deorolpa.gov.np",
"http://deorukum.gov.np",
"http://deorupandehi.gov.np",
"http://deosalyan.gov.np",
"http://deosankhuwasabha.gov.np",
"http://deosaptari.gov.np",
"http://deosarlahi.gov.np",
"http://deosindhuli.gov.np",
"http://deosindhupalchok.gov.np",
"http://deosiraha.gov.np",
"http://deosolukhumbu.gov.np",
"http://deosunsari.gov.np",
"http://deosurkhet.gov.np",
"http://deosyangja.gov.np",
"http://deotanahu.gov.np",
"http://deotaplejung.gov.np",
"http://deotehrathum.gov.np",
"http://deoudayapur.gov.np",
"http://deumaimun.gov.np/",
"http://devchulimun.gov.np/",
"http://devdahamun.gov.np",
"http://devdahamun.gov.np/",
"http://dfrs.gov.np",
"http://dftqc.gov.np",
"http://dhangadhimaimun.gov.np/",
"http://dhangadhimun.gov.np/",
"http://dhankutamun.gov.np/",
"http://dhanushadhammun.gov.np",
"http://dhanushadhammun.gov.np/",
"http://dharan.gov.np/",
"http://dhm.gov.np",
"http://dhogorkha.gov.np",
"http://dhulikhelmun.gov.np/",
"http://diktelmun.gov.np/",
"http://dipayalsilgadhimun.gov.np",
"http://dipayalsilgadhimun.gov.np/",
"http://dlmp.gov.np",
"http://dls.gov.np",
"http://dlstraining.gov.np",
"http://dmli.gov.np",
"http://dnpwc.gov.np",
"http://doanepal.gov.np",
"http://docr.gov.np",
"http://docs.gov.np",
"http://dodharachadanimun.gov.np",
"http://dodharachadanimun.gov.np/",
"http://doe.gov.np",
"http://doed.gov.np",
"http://doenv.gov.np",
"http://dof.gov.np",
"http://dofd.gov.np",
"http://dofdocs.gov.np",
"http://dofe.gov.np",
"http://dohs.gov.np",
"http://dohslmd.gov.np",
"http://doi.gov.np",
"http://doind.gov.np",
"http://doinepal.gov.np",
"http://doit.gov.np",
"http://dol.gov.np",
"http://dolia.gov.np",
"http://dolidar.gov.np",
"http://dolp.gov.np",
"http://dolrm.gov.np",
"http://dop.gov.np",
"http://dopm.gov.np",
"http://dopmofa.gov.np",
"http://dor.gov.np",
"http://dos.gov.np",
"http://dotm.gov.np",
"http://dppr.gov.np",
"http://dri.gov.np",
"http://drrportal.gov.np",
"http://drugportal.gov.np",
"http://dudbc.gov.np",
"http://dudbcntp.gov.np",
"http://dudhaulimun.gov.np/",
"http://dudhkundamun.gov.np/",
"http://duhabibhaluwamun.gov.np",
"http://duhabibhaluwamun.gov.np/",
"http://dullumun.gov.np/",
"http://dwd.gov.np",
"http://dwss.gov.np",
"http://e-huris.mohp.gov.np",
"http://ecalendar.dohs.gov.np",
"http://edudbc.gov.np",
"http://eflgp.gov.np",
"http://eims.ird.gov.np",
"http://eis.dor.gov.np",
"http://election.gov.np",
"http://elibrary-mohp.gov.np",
"http://ems.election.gov.np",
"http://eondoha.gov.np",
"http://eproc.dor.gov.np",
"http://epsnepal.gov.np",
"http://erao.moha.gov.np",
"http://erao.moha.gov.np/",
"http://ered.gov.np",
"http://erfd.gov.np",
"http://erpo.nepalpolice.gov.np",
"http://etax.ird.gov.np",
"http://etbregister.nepalntp.gov.np",
"http://event.gov.np",
"http://excisereturns.ird.gov.np",
"http://fcgo.gov.np",
"http://feims.dofe.gov.np",
"http://feims.gov.np",
"http://fepb.gov.np",
"http://fhd.gov.np",
"http://film.gov.np",
"http://fmis.dor.gov.np",
"http://fmis.fcgo.gov.np",
"http://fwrao.moha.gov.np/",
"http://fwred.gov.np",
"http://gaddachauki.nepalimmigration.gov.np",
"http://gadhimaimun.gov.np",
"http://gadhimaimun.gov.np/",
"http://gaindakotmun.gov.np",
"http://gaindakotmun.gov.np/",
"http://garudamun.gov.np",
"http://garudamun.gov.np/",
"http://gauradahamun.gov.np",
"http://gauradahamun.gov.np/",
"http://gaurmun.gov.np",
"http://gaurmun.gov.np/",
"http://gaushalamun.gov.np",
"http://gaushalamun.gov.np/",
"http://gepson.gov.np",
"http://ghodaghodimun.gov.np",
"http://ghodaghodimun.gov.np/",
"http://ghorahimun.gov.np",
"http://ghorahimun.gov.np/",
"http://godawarimun.gov.np",
"http://godawarimun.gov.np/",
"http://gokarneshwormun.gov.np",
"http://gokarneshwormun.gov.np/",
"http://golbazarmun.gov.np",
"http://golbazarmun.gov.np/",
"http://gorkhamun.gov.np",
"http://gorkhamun.gov.np/",
"http://gpo.gov.np",
"http://gulariyamun.gov.np",
"http://gulariyamun.gov.np/",
"http://gunaso.mof.gov.np",
"http://hanumandhoka.gov.np",
"http://hanumannagaryoginimaimun.gov.np/",
"http://heoc.mohp.gov.np",
"http://hetaudamun.gov.np",
"http://hetaudamun.gov.np/",
"http://himali.gov.np",
"http://hlec.gov.np",
"http://hvap.gov.np",
"http://hydrology.gov.np",
"http://ibn.gov.np",
"http://idddolakha.gov.np",
"http://ilammun.gov.np",
"http://ilammun.gov.np/",
"http://imis.shs.gov.np",
"http://inaruwamun.gov.np",
"http://inaruwamun.gov.np/",
"http://investmentboard.gov.np",
"http://investnepal.gov.np",
"http://ird.gov.np",
"http://iscbardibas.moha.gov.np/",
"http://iscburtiwang.moha.gov.np/",
"http://iscgotikhel.moha.gov.np/",
"http://iscsirdibas.moha.gov.np/",
"http://ishworpurmun.gov.np",
"http://ishworpurmun.gov.np/",
"http://it.ird.gov.np",
"http://itaharimun.gov.np",
"http://itaharimun.gov.np/",
"http://iwrmp.gov.np",
"http://jaleshwarmun.gov.np/",
"http://jamunaha.nepalimmigration.gov.np",
"http://janakpurmun.gov.np/",
"http://jayaprithvimun.gov.np/",
"http://jhalaripipaladimun.gov.np",
"http://jhalaripipaladimun.gov.np/",
"http://jirimun.gov.np/",
"http://jjcc.gov.np",
"http://judicialcouncil.gov.np",
"http://kageshworimanoharamun.gov.np",
"http://kageshworimanoharamun.gov.np/",
"http://kakarvitta.nepalimmigration.gov.np",
"http://kalaiyamun.gov.np",
"http://kalaiyamun.gov.np/",
"http://kalikamun.gov.np",
"http://kalikamun.gov.np/",
"http://kamalamaimun.gov.np",
"http://kamalamaimun.gov.np/",
"http://kamalbazarmun.gov.np",
"http://kamalbazarmun.gov.np/",
"http://kanchanrupmun.gov.np",
"http://kanchanrupmun.gov.np/",
"http://kankaimun.gov.np",
"http://kankaimun.gov.np/",
"http://kapilvastumun.gov.np",
"http://kapilvastumun.gov.np/",
"http://karaputarmun.gov.np",
"http://karaputarmun.gov.np/",
"http://karyabinayakmun.gov.np",
"http://karyabinayakmun.gov.np/",
"http://kashikhandmun.gov.np",
"http://kashikhandmun.gov.np/",
"http://kataarimun.gov.np",
"http://kataarimun.gov.np/",
"http://kath.gov.np",
"http://kathmandu.gov.np",
"http://kathmandu.gov.np/",
"http://kathmanduonline.gov.np",
"http://kawasotimun.gov.np",
"http://kawasotimun.gov.np/",
"http://khairhanimun.gov.np",
"http://khandbarimun.gov.np",
"http://khandbarimun.gov.np/",
"http://kirtipurmun.gov.np/",
"http://kmcebps.gov.np",
"http://kodari.nepalimmigration.gov.np",
"http://kohalpurmun.gov.np",
"http://kohalpurmun.gov.np/",
"http://kolhabimun.gov.np",
"http://kolhabimun.gov.np/",
"http://koshi.nitc.gov.np",
"http://koshiharaichamun.gov.np",
"http://koshiharaichamun.gov.np/",
"http://krishnanagarmun.gov.np",
"http://krishnanagarmun.gov.np/",
"http://krishnapurmun.gov.np",
"http://krishnapurmun.gov.np/",
"http://kubk.gov.np",
"http://kushmamun.gov.np",
"http://kushmamun.gov.np/",
"http://kuwait.mofa.gov.np",
"http://laalbandimun.gov.np/",
"http://lahanmun.gov.np/",
"http://laliguransmun.gov.np/",
"http://lalitpurdistrictcourt.gov.np",
"http://lalitpurmun.gov.np",
"http://lalitpurmun.gov.np/",
"http://lamahimun.gov.np/",
"http://lamkichuhamun.gov.np/",
"http://lawcommission.gov.np",
"http://lbfc.gov.np",
"http://lcd.gov.np",
"http://lekhnathmun.gov.np",
"http://lekhnathmun.gov.np/",
"http://letangbhogatenimun.gov.np/",
"http://lgaf.gov.np",
"http://lgcdp.gov.np",
"http://libangmun.gov.np/",
"http://licenseportal.gov.np",
"http://llrc.gov.np",
"http://lmbis.gov.np",
"http://lmdbidding.gov.np",
"http://lmtc.gov.np",
"http://lpc.gov.np",
"http://lumbinidevtrust.gov.np",
"http://maddimun.gov.np/",
"http://madhyabindumun.gov.np/",
"http://madhyanepalmun.gov.np/",
"http://madhyapurthimimun.gov.np/",
"http://madimun.gov.np/",
"http://mahagadimaimun.gov.np/",
"http://mahakalimundarchula.gov.np",
"http://mahalaxmimun.gov.np/",
"http://mahamanjushreenagarkotmun.gov.np",
"http://mahamanjushreenagarkotmun.gov.np/",
"http://malangwamun.gov.np/",
"http://mangalsenmun.gov.np/",
"http://manthalimun.gov.np/",
"http://mars.kathmandu.gov.np",
"http://mbanking.adbl.gov.np",
"http://mechi.nitc.gov.np",
"http://mechinagarmun.gov.np",
"http://mechinagarmun.gov.np/",
"http://mediationcouncil.gov.np",
"http://melamchimun.gov.np/",
"http://melamchiwater.gov.np",
"http://mfd.gov.np",
"http://mfsc.gov.np",
"http://mip.gov.np",
"http://mirchaiyamun.gov.np/",
"http://mithilamun.gov.np/",
"http://moad.gov.np",
"http://moadwto.gov.np",
"http://moc.gov.np",
"http://mocpa.gov.np",
"http://mocs.gov.np",
"http://mod.gov.np",
"http://moe.gov.np",
"http://moecdc.gov.np",
"http://moen.gov.np",
"http://moenonline.moen.gov.np",
"http://moenv.gov.np",
"http://moepiu.gov.np",
"http://mof.gov.np",
"http://mofa.gov.np",
"http://mofald.gov.np",
"http://moga.gov.np",
"http://moha.gov.np",
"http://mohana.nepalimmigration.gov.np",
"http://mohp.gov.np",
"http://moi.gov.np",
"http://moic.gov.np",
"http://moir.gov.np",
"http://mold.gov.np",
"http://mole.gov.np",
"http://moljpa.gov.np",
"http://molrm.gov.np",
"http://monitoring.mof.gov.np",
"http://mope.gov.np",
"http://mopit.gov.np",
"http://mos.gov.np",
"http://most.gov.np",
"http://moste.gov.np",
"http://moud.gov.np",
"http://moudclpiu.gov.np",
"http://mowcsw.gov.np",
"http://mowss.gov.np",
"http://moys.gov.np",
"http://mrao.moha.gov.np/",
"http://municipality.gov.np",
"http://musikotmun.gov.np/",
"http://mwrao.moha.gov.np/",
"http://mwred.gov.np",
"http://mwrfd.gov.np",
"http://mwrhd.gov.np",
"http://myanglungmun.gov.np/",
"http://nagarjunmun.gov.np/",
"http://namis.gov.np",
"http://narayanimun.gov.np/",
"http://narayanmun.gov.np/",
"http://narc.gov.np",
"http://nast.gov.np",
"http://ncasc.gov.np",
"http://nced.gov.np",
"http://ndc.gov.np",
"http://nddb.gov.np",
"http://ndvs.gov.np",
"http://neb.gov.np",
"http://nec.gov.np",
"http://neoc.gov.np",
"http://nepal.gov.np",
"http://nepalconsular.gov.np",
"http://nepalcopyright.gov.np",
"http://nepalgov.gov.np",
"http://nepalgunjmun.gov.np/",
"http://nepalimmigration.gov.np",
"http://nepalntp.gov.np",
"http://nepalpassport.gov.np",
"http://nepalpolice.gov.np",
"http://nepalpost.gov.np",
"http://nepembseoul.gov.np",
"http://nfdin.gov.np",
"http://nfec.gov.np",
"http://ngiip.gov.np",
"http://nic.gov.np",
"http://nidmc.gov.np",
"http://nijgadhmun.gov.np/",
"http://nilkanthamun.gov.np/",
"http://nitc.gov.np",
"http://nkp.gov.np",
"http://nlbc.gov.np",
"http://nmc.gov.np",
"http://nnfsp.gov.np",
"http://npc.gov.np",
"http://npcnepal.gov.np",
"http://nphl.gov.np",
"http://nptf.gov.np",
"http://nra.gov.np",
"http://nsc.gov.np",
"http://nta.gov.np",
"http://nwc.gov.np",
"http://nyc.gov.np",
"http://obc.gov.np",
"http://ocr.gov.np",
"http://officerportal.ird.gov.np",
"http://old.psc.gov.np",
"http://online.nepalimmigration.gov.np",
"http://online.nepalpassport.gov.np",
"http://onlinepostbox.gpo.gov.np",
"http://onlinesheetroll.pis.gov.np",
"http://opmcm.gov.np",
"http://oshp.gov.np",
"http://pact.gov.np",
"http://pakhribasmun.gov.np/",
"http://palungtarmun.gov.np/",
"http://panautimun.gov.np/",
"http://panchkhalmun.gov.np",
"http://panchkhalmun.gov.np/",
"http://parasurammun.gov.np/",
"http://parliament.gov.np",
"http://patanmun.gov.np",
"http://patanmun.gov.np/",
"http://patharishanishcharemun.gov.np",
"http://patharishanishcharemun.gov.np/",
"http://peace.gov.np",
"http://pfmis.mohp.gov.np",
"http://phcrd.gov.np",
"http://phidimmun.gov.np/",
"http://pis.gov.np",
"http://pmrelief.opmcm.gov.np",
"http://pms.dda.gov.np",
"http://pokhara.nepalimmigration.gov.np",
"http://pokharamun.gov.np",
"http://pokharamun.gov.np/",
"http://pokhariyamun.gov.np/",
"http://pollution.gov.np",
"http://portal.mof.gov.np",
"http://ppdnepal.gov.np",
"http://ppmo.gov.np",
"http://presidentofnepal.gov.np",
"http://preslc.soce.gov.np",
"http://psc.gov.np",
"http://psconline.psc.gov.np",
"http://pta.gov.np",
"http://ptc.gov.np",
"http://punarbasmun.gov.np/",
"http://putalibazarmun.gov.np/",
"http://pyuthanmun.gov.np/",
"http://radionepal.gov.np",
"http://rainasmun.gov.np/",
"http://rajapurmun.gov.np/",
"http://rajbirajmun.gov.np/",
"http://rajpatra.dop.gov.np",
"http://ramdhunibhasimun.gov.np/",
"http://ramechhapmun.gov.np/",
"http://ramgrammun.gov.np/",
"http://rampurmun.gov.np/",
"http://rangelimun.gov.np/",
"http://raptimun.gov.np/",
"http://rashuwagadi.nepalimmigration.gov.np",
"http://ratc.gov.np",
"http://registration.mbanking.adbl.gov.np",
"http://relief.customs.gov.np",
"http://renewal.customs.gov.np",
"http://resungamun.gov.np/",
"http://rismfp.gov.np",
"http://rmis.fcgo.gov.np",
"http://rmsdoed.gov.np",
"http://sabailamun.gov.np/",
"http://sacosanv.gov.np",
"http://sainamainamun.gov.np/",
"http://sanfebagarmun.gov.np/",
"http://sanitation.gov.np",
"http://sanoshreetaratalmun.gov.np/",
"http://saptakoshimun.gov.np/",
"http://sebon.gov.np",
"http://seismonepal.gov.np",
"http://shaaradamun.gov.np/",
"http://shadanandmun.gov.np/",
"http://shambhunathmun.gov.np/",
"http://shaniarjunmun.gov.np/",
"http://shankharapurmun.gov.np/",
"http://shivarajmun.gov.np",
"http://shivarajmun.gov.np/",
"http://shivasataximun.gov.np/",
"http://shs.gov.np",
"http://shubhaghatgangamalamun.gov.np/",
"http://shuklagandakimun.gov.np/",
"http://siddharthanagarmun.gov.np",
"http://siddharthanagarmun.gov.np/",
"http://siddhicharanmun.gov.np/",
"http://simaillam.moha.gov.np/",
"http://simapachthar.moha.gov.np/",
"http://simaTaplejung.moha.gov.np/",
"http://simraungadhmun.gov.np/",
"http://sirahamun.gov.np/",
"http://sism.doe.gov.np",
"http://slcresult.soce.gov.np",
"http://soce.gov.np",
"http://sqcc.gov.np",
"http://srv.dofe.gov.np",
"http://ssf.gov.np",
"http://stiueip.dudbc.gov.np",
"http://stro.gov.np",
"http://sudur.gov.np",
"http://sukhipurmun.gov.np/",
"http://sundarbazarmun.gov.np/",
"http://sundardularimun.gov.np",
"http://sundardularimun.gov.np/",
"http://sunwalmun.gov.np/",
"http://supremecourt.gov.np",
"http://suryabinayakmun.gov.np",
"http://suryabinayakmun.gov.np/",
"http://suryodayamun.gov.np",
"http://suryodayamun.gov.np/",
"http://tabucs.mohp.gov.np",
"http://tansenmun.gov.np/",
"http://taplejungmun.gov.np/",
"http://tarakeshwormun.gov.np/",
"http://taxpayerportal.ird.gov.np",
"http://taxpayerportalb.ird.gov.np",
"http://thahamun.gov.np/",
"http://tia.nepalimmigration.gov.np",
"http://tikapurmun.gov.np",
"http://tikapurmun.gov.np/",
"http://tilottamamun.gov.np/",
"http://tokhamun.gov.np/",
"http://tourism.gov.np",
"http://tourismdepartment.gov.np",
"http://traffic.nepalpolice.gov.np",
"http://trafficpolice.gov.np",
"http://training.gov.np",
"http://training.lmbis.gov.np",
"http://tripurmun.gov.np/",
"http://triyugamun.gov.np/",
"http://tsa.fcgo.gov.np",
"http://tsc.gov.np",
"http://tulsipurmun.gov.np/",
"http://ugc.nitc.gov.np",
"http://ugdp.dudbc.gov.np",
"http://unptc.apf.gov.np",
"http://urlabarimun.gov.np",
"http://urlabarimun.gov.np/",
"http://verify.soce.gov.np",
"http://volunteer.gov.np",
"http://vpn.gov.np",
"http://vyasmun.gov.np",
"http://vyasmun.gov.np/",
"http://walingmun.gov.np/",
"http://wbrs.gov.np",
"http://web.ird.gov.np",
"http://webcpanel2.nitc.gov.np",
"http://webcpanel3.nitc.gov.np",
"http://webservice.ird.gov.np",
"http://wrao.moha.gov.np/",
"http://wred.gov.np",
"http://wrfd.gov.np",
"http://wrpo.nepalpolice.gov.np",
"http://wupap.gov.np",
"http://www.dcsi.gov.np/",
"http://ysef.gov.np",
"http://ysefbeema.gov.np",
